merged	3dc241843994afb5a3ac99c024dc32ceefe462a6	agent-1/animated-lunaris-title
merged	5a9f591bb0fc4373831e11ab4cb7be448a9c7e2f	agent-1/custom-loading-screen
merged	c9b78596fbfd9530dbecbf5696bd2654aee4cfa5	agent-1/fix-web-compile-cascade
merged	bb1e66e3ea7916e2a9928b49ad8adab7a196142f	agent-1/lightweight-validation
merged	06c057cbfbd5c764f67b7d9d3c3162938b4044a0	agent-1/loading-screen-concepts
merged	74f53929f29a6a264bb27484a6de2de31bba5b70	agent-1/lunaris-entry-navigation-union
merged	1750c88df48a21da0c50f13f517e17635345ee5c	agent-1/lunaris-entry-redesign
merged	a7f2d5b538e4044cd76da325a8c601292d61adb0	agent-1/lunaris-title-music
merged	24a09ae84283c09a8883b2b79d41756b543fcde2	agent-1/mission-training-gacha-ui
merged	f65498a15a2375f3d71450441a372c0705cbf7ce	agent-1/process-ledgers
merged	a9237ee67202817e412d57f6b44783a074804248	agent-1/remove-verify-sh
merged	67728d298ef9984aa1c2d1e6b5c92a71b260ef8b	agent-1/title-full-opacity
merged	ff15739585f1b0983c3439f05e91bacf751898a2	agent-1/title-loop-1080-continuous
merged	bd0fbc881482d3ce5fdaa92b1c0f5fdee89bc8d9	agent-1/title-sharpness-composite
unmerged	7c5bafecaa80766ba2e7f004b95c0655b39d21e6	agent-10/bolt-impact
merged	7b186dcef0f5e76629628d4ee1077b90ac1a961d	agent-10/grunt-attack-v3
merged	b8a8474f1641980e9d056b39d727eea71e0f15d9	agent-10/grunt-enemy-animation
merged	a530f2e1629a5993957787e3c88d79d5accae02f	agent-10/grunt-import-fallback
merged	3a81041693fc79f0366aac45a74ec0f843441450	agent-10/grunt-walk-matte
merged	a50868e7bf74ae64d07d789fa35b1aac7c6bdfe9	agent-11/cache-bootstrap-regressions
merged	56ef4ed861e07234bd4261fca23645c33c3eb2c3	agent-11/flavor-text
merged	d08819419631a7c330032f1a87f5ca16a4163c77	agent-11/responsive-ui
merged	bec1f32600074d6a119ea184837659662546caaf	agent-11/zh-cn-localization
merged	5a106efe703fffe0dadcf72d314c90a722c1b510	agent-2/aetheria-tactics-title
merged	c3a97d192b7afba59c2a63583356e468aa5fc9b7	agent-2/collaboration-docs
merged	3936eeda3e25c5f45def229b168fd11c41a048d9	agent-2/isometric-facing-arrows
merged	975261e8e00a20a0b25fe17e7976d743d509c14b	agent-2/map-height-fill-pan
merged	3447024e25f0438e51295ec98fdfa02112c7e41a	agent-2/proto-defense-title
merged	dbaec5bcd61cddea57bcf104fddccb22141d797c	agent-2/protos-title
merged	502adbe25a53c1ec84ab6f76c45f56f3dbe5cb69	agent-2/td-019-class-display-names
merged	d27bf25ca097f324e16e4be359b5f2fe24c0e95b	agent-2/td-023-witch-doctor
unmerged	7a2a8b61aaa688238d728d1e4b573ffc420200dc	agent-2/td-026-p16-2-promo-contracts
merged	8399971b7be41e17b9f05cd50768d531c27ee3d3	agent-2/td-026-p16-2-promo-core
merged	db9617b6d1ea00e36fae6482ba28d0a88664ecec	agent-3/polish-vfx
merged	d32b0005e42ef81bbd7f9885c1536ca8a48b7e3a	agent-3/post-verify-housekeeping
merged	a2861087ada803d39291e82421a763651067bfe6	agent-3/premium-staging-hub
merged	ab8e465e312e3b0a966a2a4410bea8a52b1792a5	agent-3/smaller-responsive-type
merged	0224e8de4f43a14b461ddf746d72f8245622b432	agent-3/staging-concept-fidelity
merged	56414554b4f707892cc5801cbd1e904af3336535	agent-4/isometric-map-transplant
merged	14b418bda8a9923ef3ad1ef0369e735f136b7df6	agent-4/music-cold-cache-fix
merged	bdab6480cacb165a6babb1d3e930a20c97e372d8	agent-4/music-revision-v3
merged	709781b596c0a3f21494a1be91713952f99d94e3	agent-4/retro-lofi-score
merged	bf3402c6e08baa8ec3ecc5157a7329bc27e51915	agent-4/runtime-music
merged	271c98fddc4ae94e7c9759e3363a93c072882f1d	agent-4/sfx-integration
merged	321abc25f5d4866909d837cd335ade9579deaa95	agent-4/three-act-music
merged	68c187c492a98d4b0194b1c1f10f28904bed8ccc	agent-4/three-cue-regen
merged	a6bae9c24f4e6239da0821ef81107198bbf011c2	agent-5/campaign-only-start
merged	f885e9b37a4f1e6c5601b7a69931feb48a4a4879	agent-5/td-025-operator-animations
merged	6a578856d1893030011c557716bbb930559fa681	agent-6/aui-34-integration
merged	bff53f8272d6be9bf3c2755f83f670e7bd5814e3	agent-6/portrait-height-pan
unmerged	95180c80bc88c87b29ff04d1b8f098a5cd193d5a	agent-7/polish-bolt
merged	25f8bd8c6a813e85c0f5920fc758807e450d7096	agent-7/recruit-phase0-probe
merged	0f38ae0b1fe88e4ae72a2870179500e22c60f6d1	agent-7/recruit-phase1-closure
merged	e6121551e9d8e4442f1e2cbc5b2638d24f1c971e	agent-7/recruit-phase1-schema-recovered
merged	076ac3810f4eb8aa3485f7583c1f83cfe9e8e484	agent-7/recruit-phase2-closure
merged	1bae335592ddd0e7ae52ce132dd72b292c7934d5	agent-7/recruit-phase2-strategic
merged	55e30ac77a131d91cc99d13e83f63fa46d10cc8e	agent-7/recruit-phase3-battle-replay
merged	0496104f9fd12a19c681f1236264d913a732c486	agent-7/recruit-phase4-runtime-cutover
merged	099f4fa9d4de6e83727ae013b98850c9f82b7c3d	agent-7/recruit-phase5-promotion-board
unmerged	9e619560623c15c74f9bc8fe93efa29295fa77a4	agent-7/recruit-phase6-art-memorial
unmerged	02adb12da05cdf28d94b650a4ee5c5468f51e216	agent-7/recruit-phase7-integrated-standard
unmerged	763cc52ca58a88a334fbe918f8104a216d765135	agent-8/localization-settings
unmerged	cfe27a4f32f3387f309878453c06d40f66bb48be	agent-8/retire-movie-maker
merged	4cb244e0c5efc3bca2853b981895985d199b7bfe	agent-8/td-028-aetheria-part2-integration
merged	271e1354d1211e2f65ca842624f26a7b9063181c	agent-8/td-029-aetheria-part2-integration
merged	a51a32204e9fa3590977100ccadb43f8ba3e50dd	agent-8/td-030-sky-hunter-native-attacks
merged	5bfec657392738731e5dc1f1cf676352f081597b	agent-8/td-031-sky-hunter-native-attacks
merged	1038853b82b74fe687d222b35398d8fb4ac6b292	agent-8/td-032-sky-hunter-native-attacks
merged	a9a986c0cafc08322d53aa31a04d8a47c0ad990f	agent-8/td-036-witch-doctor-mage-visual
merged	826026bd59169a9d1cc1c53c23a057eac68b7929	agent-8/td-038-witch-doctor-ui-visuals
merged	3b3fdfba2a749597e2f8ad1d87f74d365c18b231	agent-9/enemy-damage-feedback
merged	7cff60634450b2d647f5d687e9973353f08f274a	agent-9/experimental-salvage-enemy-animations
merged	beaec85034af694229d4d3075b78d0e73442e3ed	agent-9/final-responsive-field-grid
merged	eaf0b0de109aff9da1d8e935bfb870761aa3b065	agent-9/hire-recruit-hover
merged	4ef4d08126260cba4048a58eb0fca54e5af420ab	agent-9/mapnav-cold-cache-crash
merged	54af23bb368cd6faf97f71085aa908421ad54979	agent-9/roster-grid-layout
merged	7714b194c1fd83148e30c6e39f13c46e3703d8bc	agent-a/p15-integration
merged	3376178219c4a9df94abfb24798a6ffe3d0c7aee	agent-a/p16-1-roster
merged	ad246788ad7c57254686e53cedabb10e3756a91f	agent-a/p16-2-strategic-verbs
merged	dbe043742344918fe84f3356f27f3f9046017373	agent-a/p16-contracts
merged	3b7ba225c90add20924b5a3aef99133162f64531	agent-d/aui-10-s1-world
merged	f84810578303d6599b4e5de89c407f9747d3812d	agent-d/fix-startup-class-registry
merged	f4827f6ec255b502a1d17ef4642eda295ac162c8	agent-d/fix-ui-class-registry
merged	2dfc8df7d12f58c4b63628c575c70648782c3f5e	agent-d/s1-world-runtime
unmerged	587c749e12fcfd13f3eb0ba7ac8d51619706e929	agent-e/aui-11-s1-roster
merged	ff64367e1991299fbecf3e517dc554443d819e73	agent-e/aui-34-art-pipeline
merged	7228f0300e6c75b69c377b252a4e140ce6150e41	agent-e/td-obs
merged	a46fe9ca0e18abafaf011c8f1f1d487d9c65cfa3	agent-f/aui-00
merged	ec56def391269f96a1e596ec4245bcd940ebdcdc	agent-f/aui-00-closure
merged	ed66d67e67e56f5b41f3fb52a812a78452b9db0d	agent-f/aui-10-closure
merged	17b829e06551ce0cf3164eb2ded3879e33e18053	agent-f/aui-12-claim
merged	38e3123f31188a5bb8b0093bc092940e424e5961	agent-f/aui-12-closure
unmerged	28b0391ab78b326772c11d040ad75f333183233b	agent-f/aui-12-red-28b0391a
merged	9b834f54a218e3eeb77e89e014476300180dc33a	agent-f/aui-12-web-claim
merged	aa856d71d5e533f8267bed3b63c8c85fc0acfc9d	agent-f/aui-12-web-remediation
unmerged	27968006ab830eda06b9cc5886e42a1fdc5b0c31	agent-f/aui-20
merged	e70630e152263c0c9fc754ef0d83d47cd6929dd7	agent-f/aui-20-claim
merged	ee263ab09d1f99c3c0608da2b870046bb8f865ad	agent-f/aui-20-fixture-amendment
merged	7843a265c8376cc51e654e3be46611d2fd4c72d9	agent-f/aui-20-rebase-claim
merged	a26969770a5ed57206d0751c1d0f757ac576f733	agent-manus/aui-20-retirement
merged	7e63722bab09af0c97fc0d42d588776e41e2c265	master
